domain,
6sense.com,
adobe.com,
amplemarket.com,
apollo.io,
asana.com,
atlassian.com,
aviso.com,
bamboohr.com,
bluebeam.com,
botify.com,
certinia.com,
clari.com,
coupa.com,
databricks.com,
datadoghq.com,
drata.com,
emberlifesciences.com,
figma.com,
glean.com,
gong.io,
gooten.com,
gusto.com,
houzz.com,
intuit.com,
kerridgecs.com,
lattice.com,
lvt.com,
maxio.com,
mongodb.com,
gomotive.com,
muckrack.com,
muvi.com,
navan.com,
notion.com,
okta.com,
omilia.com,
orum.com,
outreach.io,
pendo.io,
rippling.com,
salesforce.com,
salesloft.com,
shopify.com,
showpad.com,
skedulo.com,
snowflake.com,
spectrumvoip.com,
stackct.com,
sugarcrm.com,
uniphore.com,
usertesting.com,
zendesk.com,
zoominfo.com,